"Type","EnsemblID","GeneSymbol","DO","Disease","ZScore","ConfidentScore","URL"
"Text mining","CKMT2-AS1","CKMT2-AS1","DOID:11432","Endometriosis of ovary",4.275,2.137,"https://diseases.jensenlab.org/Entity?documents=10&type1=9606&id1=CKMT2-AS1&type2=-26&id2=DOID:11432"
"Text mining","ENSP00000006015","HOXA11","DOID:289","Endometriosis",4.371,2.186,"https://diseases.jensenlab.org/Entity?documents=10&type1=9606&id1=ENSP00000006015&type2=-26&id2=DOID:289"
"Text mining","ENSP00000011653","CD4","DOID:289","Endometriosis",4.008,2.004,"https://diseases.jensenlab.org/Entity?documents=10&type1=9606&id1=ENSP00000011653&type2=-26&id2=DOID:289"
"Text mining","ENSP00000171887","TNS1","DOID:289","Endometriosis",4.38,2.19,"https://diseases.jensenlab.org/Entity?documents=10&type1=9606&id1=ENSP00000171887&type2=-26&id2=DOID:289"
"Text mining","ENSP00000199936","HSD17B2","DOID:289","Endometriosis",4.874,2.437,"https://diseases.jensenlab.org/Entity?documents=10&type1=9606&id1=ENSP00000199936&type2=-26&id2=DOID:289"
"Text mining","ENSP00000218388","TIMP1","DOID:289","Endometriosis",4.194,2.097,"https://diseases.jensenlab.org/Entity?documents=10&type1=9606&id1=ENSP00000218388&type2=-26&id2=DOID:289"
"Text mining","ENSP00000219070","MMP2","DOID:289","Endometriosis",5.056,2.528,"https://diseases.jensenlab.org/Entity?documents=10&type1=9606&id1=ENSP00000219070&type2=-26&id2=DOID:289"
"Text mining","ENSP00000221496","AMH","DOID:289","Endometriosis",5.744,2.872,"https://diseases.jensenlab.org/Entity?documents=10&type1=9606&id1=ENSP00000221496&type2=-26&id2=DOID:289"
"Text mining","ENSP00000221992","CEACAM5","DOID:289","Endometriosis",4.518,2.259,"https://diseases.jensenlab.org/Entity?documents=10&type1=9606&id1=ENSP00000221992&type2=-26&id2=DOID:289"
"Text mining","ENSP00000225577","RPS6KB1","DOID:289","Endometriosis",4.027,2.013,"https://diseases.jensenlab.org/Entity?documents=10&type1=9606&id1=ENSP00000225577&type2=-26&id2=DOID:289"
"Text mining","ENSP00000225831","CCL2","DOID:289","Endometriosis",4.425,2.213,"https://diseases.jensenlab.org/Entity?documents=10&type1=9606&id1=ENSP00000225831&type2=-26&id2=DOID:289"
"Text mining","ENSP00000226444","SULT1E1","DOID:289","Endometriosis",4.176,2.088,"https://diseases.jensenlab.org/Entity?documents=10&type1=9606&id1=ENSP00000226444&type2=-26&id2=DOID:289"
"Text mining","ENSP00000227507","CCND1","DOID:289","Endometriosis",5.296,2.648,"https://diseases.jensenlab.org/Entity?documents=10&type1=9606&id1=ENSP00000227507&type2=-26&id2=DOID:289"
"Text mining","ENSP00000229239","GAPDH","DOID:289","Endometriosis",4.995,2.498,"https://diseases.jensenlab.org/Entity?documents=10&type1=9606&id1=ENSP00000229239&type2=-26&id2=DOID:289"
"Text mining","ENSP00000231790","MLH1","DOID:289","Endometriosis",6.48,3.24,"https://diseases.jensenlab.org/Entity?documents=10&type1=9606&id1=ENSP00000231790&type2=-26&id2=DOID:289"
"Text mining","ENSP00000233146","MSH2","DOID:289","Endometriosis",6.355,3.178,"https://diseases.jensenlab.org/Entity?documents=10&type1=9606&id1=ENSP00000233146&type2=-26&id2=DOID:289"
"Text mining","ENSP00000234420","MSH6","DOID:289","Endometriosis",6.417,3.208,"https://diseases.jensenlab.org/Entity?documents=10&type1=9606&id1=ENSP00000234420&type2=-26&id2=DOID:289"
"Text mining","ENSP00000244050","SNAI1","DOID:289","Endometriosis",4.619,2.31,"https://diseases.jensenlab.org/Entity?documents=10&type1=9606&id1=ENSP00000244050&type2=-26&id2=DOID:289"
"Text mining","ENSP00000245983","GNRH2","DOID:289","Endometriosis",4.046,2.023,"https://diseases.jensenlab.org/Entity?documents=10&type1=9606&id1=ENSP00000245983&type2=-26&id2=DOID:289"
"Text mining","ENSP00000253719","NAPSA","DOID:289","Endometriosis",4.103,2.051,"https://diseases.jensenlab.org/Entity?documents=10&type1=9606&id1=ENSP00000253719&type2=-26&id2=DOID:289"
"Text mining","ENSP00000256078","KRAS","DOID:289","Endometriosis",5.698,2.849,"https://diseases.jensenlab.org/Entity?documents=10&type1=9606&id1=ENSP00000256078&type2=-26&id2=DOID:289"
"Text mining","ENSP00000257904","CDK4","DOID:289","Endometriosis",4.265,2.133,"https://diseases.jensenlab.org/Entity?documents=10&type1=9606&id1=ENSP00000257904&type2=-26&id2=DOID:289"
"Text mining","ENSP00000258149","MDM2","DOID:289","Endometriosis",4.426,2.213,"https://diseases.jensenlab.org/Entity?documents=10&type1=9606&id1=ENSP00000258149&type2=-26&id2=DOID:289"
"Text mining","ENSP00000259915","POU5F1","DOID:289","Endometriosis",4.128,2.064,"https://diseases.jensenlab.org/Entity?documents=10&type1=9606&id1=ENSP00000259915&type2=-26&id2=DOID:289"
"Text mining","ENSP00000260227","MMP7","DOID:289","Endometriosis",4.071,2.035,"https://diseases.jensenlab.org/Entity?documents=10&type1=9606&id1=ENSP00000260227&type2=-26&id2=DOID:289"
"Text mining","ENSP00000261597","NDC80","DOID:289","Endometriosis",5.75,2.875,"https://diseases.jensenlab.org/Entity?documents=10&type1=9606&id1=ENSP00000261597&type2=-26&id2=DOID:289"
"Text mining","ENSP00000261769","CDH1","DOID:289","Endometriosis",5.606,2.803,"https://diseases.jensenlab.org/Entity?documents=10&type1=9606&id1=ENSP00000261769&type2=-26&id2=DOID:289"
"Text mining","ENSP00000262643","CCNE1","DOID:289","Endometriosis",4.337,2.169,"https://diseases.jensenlab.org/Entity?documents=10&type1=9606&id1=ENSP00000262643&type2=-26&id2=DOID:289"
"Text mining","ENSP00000263025","MAPK3","DOID:289","Endometriosis",4.565,2.283,"https://diseases.jensenlab.org/Entity?documents=10&type1=9606&id1=ENSP00000263025&type2=-26&id2=DOID:289"
"Text mining","ENSP00000263334","PAX8","DOID:289","Endometriosis",4.99,2.495,"https://diseases.jensenlab.org/Entity?documents=10&type1=9606&id1=ENSP00000263334&type2=-26&id2=DOID:289"
"Text mining","ENSP00000263341","IL1B","DOID:289","Endometriosis",4.7,2.35,"https://diseases.jensenlab.org/Entity?documents=10&type1=9606&id1=ENSP00000263341&type2=-26&id2=DOID:289"
"Text mining","ENSP00000263735","EPCAM","DOID:289","Endometriosis",4.811,2.405,"https://diseases.jensenlab.org/Entity?documents=10&type1=9606&id1=ENSP00000263735&type2=-26&id2=DOID:289"
"Text mining","ENSP00000263923","KDR","DOID:289","Endometriosis",4.338,2.169,"https://diseases.jensenlab.org/Entity?documents=10&type1=9606&id1=ENSP00000263923&type2=-26&id2=DOID:289"
"Text mining","ENSP00000263967","PIK3CA","DOID:289","Endometriosis",5.867,2.933,"https://diseases.jensenlab.org/Entity?documents=10&type1=9606&id1=ENSP00000263967&type2=-26&id2=DOID:289"
"Text mining","ENSP00000264335","YWHAE","DOID:289","Endometriosis",4.669,2.334,"https://diseases.jensenlab.org/Entity?documents=10&type1=9606&id1=ENSP00000264335&type2=-26&id2=DOID:289"
"Text mining","ENSP00000264498","FGF2","DOID:289","Endometriosis",4.378,2.189,"https://diseases.jensenlab.org/Entity?documents=10&type1=9606&id1=ENSP00000264498&type2=-26&id2=DOID:289"
"Text mining","ENSP00000264657","STAT3","DOID:289","Endometriosis",4.642,2.321,"https://diseases.jensenlab.org/Entity?documents=10&type1=9606&id1=ENSP00000264657&type2=-26&id2=DOID:289"
"Text mining","ENSP00000265081","MSH3","DOID:289","Endometriosis",4.451,2.226,"https://diseases.jensenlab.org/Entity?documents=10&type1=9606&id1=ENSP00000265081&type2=-26&id2=DOID:289"
"Text mining","ENSP00000265171","EGF","DOID:289","Endometriosis",4.838,2.419,"https://diseases.jensenlab.org/Entity?documents=10&type1=9606&id1=ENSP00000265171&type2=-26&id2=DOID:289"
"Text mining","ENSP00000265849","PMS2","DOID:289","Endometriosis",6.267,3.134,"https://diseases.jensenlab.org/Entity?documents=10&type1=9606&id1=ENSP00000265849&type2=-26&id2=DOID:289"
"Text mining","ENSP00000266970","CDK2","DOID:289","Endometriosis",4.1,2.05,"https://diseases.jensenlab.org/Entity?documents=10&type1=9606&id1=ENSP00000266970&type2=-26&id2=DOID:289"
"Text mining","ENSP00000267163","RB1","DOID:289","Endometriosis",4.498,2.249,"https://diseases.jensenlab.org/Entity?documents=10&type1=9606&id1=ENSP00000267163&type2=-26&id2=DOID:289"
"Text mining","ENSP00000268035","IGF1R","DOID:289","Endometriosis",4.58,2.29,"https://diseases.jensenlab.org/Entity?documents=10&type1=9606&id1=ENSP00000268035&type2=-26&id2=DOID:289"
"Text mining","ENSP00000269141","CDH2","DOID:289","Endometriosis",4.572,2.286,"https://diseases.jensenlab.org/Entity?documents=10&type1=9606&id1=ENSP00000269141&type2=-26&id2=DOID:289"
"Text mining","ENSP00000269305","TP53","DOID:289","Endometriosis",6.425,3.213,"https://diseases.jensenlab.org/Entity?documents=10&type1=9606&id1=ENSP00000269305&type2=-26&id2=DOID:289"
"Text mining","ENSP00000269571","ERBB2","DOID:289","Endometriosis",5.72,2.86,"https://diseases.jensenlab.org/Entity?documents=10&type1=9606&id1=ENSP00000269571&type2=-26&id2=DOID:289"
"Text mining","ENSP00000275493","EGFR","DOID:289","Endometriosis",5.266,2.633,"https://diseases.jensenlab.org/Entity?documents=10&type1=9606&id1=ENSP00000275493&type2=-26&id2=DOID:289"
"Text mining","ENSP00000275525","IGFBP1","DOID:289","Endometriosis",4.879,2.439,"https://diseases.jensenlab.org/Entity?documents=10&type1=9606&id1=ENSP00000275525&type2=-26&id2=DOID:289"
"Text mining","ENSP00000276414","GNRH1","DOID:289","Endometriosis",6.038,3.019,"https://diseases.jensenlab.org/Entity?documents=10&type1=9606&id1=ENSP00000276414&type2=-26&id2=DOID:289"
"Text mining","ENSP00000277541","NOTCH1","DOID:289","Endometriosis",4.385,2.192,"https://diseases.jensenlab.org/Entity?documents=10&type1=9606&id1=ENSP00000277541&type2=-26&id2=DOID:289"
"Text mining","ENSP00000278616","ATM","DOID:289","Endometriosis",4.326,2.163,"https://diseases.jensenlab.org/Entity?documents=10&type1=9606&id1=ENSP00000278616&type2=-26&id2=DOID:289"
"Text mining","ENSP00000281708","FBXW7","DOID:289","Endometriosis",4.521,2.261,"https://diseases.jensenlab.org/Entity?documents=10&type1=9606&id1=ENSP00000281708&type2=-26&id2=DOID:289"
"Text mining","ENSP00000282397","FLT1","DOID:289","Endometriosis",4.118,2.059,"https://diseases.jensenlab.org/Entity?documents=10&type1=9606&id1=ENSP00000282397&type2=-26&id2=DOID:289"
"Text mining","ENSP00000283921","HOXA10","DOID:289","Endometriosis",5.487,2.744,"https://diseases.jensenlab.org/Entity?documents=10&type1=9606&id1=ENSP00000283921&type2=-26&id2=DOID:289"
"Text mining","ENSP00000283928","JAZF1","DOID:289","Endometriosis",5.338,2.669,"https://diseases.jensenlab.org/Entity?documents=10&type1=9606&id1=ENSP00000283928&type2=-26&id2=DOID:289"
"Text mining","ENSP00000287820","PPARG","DOID:289","Endometriosis",4.057,2.029,"https://diseases.jensenlab.org/Entity?documents=10&type1=9606&id1=ENSP00000287820&type2=-26&id2=DOID:289"
"Text mining","ENSP00000288135","KIT","DOID:289","Endometriosis",4.503,2.252,"https://diseases.jensenlab.org/Entity?documents=10&type1=9606&id1=ENSP00000288135&type2=-26&id2=DOID:289"
"Text mining","ENSP00000290167","WNT4","DOID:289","Endometriosis",4.492,2.246,"https://diseases.jensenlab.org/Entity?documents=10&type1=9606&id1=ENSP00000290167&type2=-26&id2=DOID:289"
"Text mining","ENSP00000295897","ALB","DOID:289","Endometriosis",4.301,2.15,"https://diseases.jensenlab.org/Entity?documents=10&type1=9606&id1=ENSP00000295897&type2=-26&id2=DOID:289"
"Text mining","ENSP00000296511","ANXA5","DOID:289","Endometriosis",4.429,2.214,"https://diseases.jensenlab.org/Entity?documents=10&type1=9606&id1=ENSP00000296511&type2=-26&id2=DOID:289"
"Text mining","ENSP00000299413","TRIM44","DOID:289","Endometriosis",4.3,2.15,"https://diseases.jensenlab.org/Entity?documents=10&type1=9606&id1=ENSP00000299413&type2=-26&id2=DOID:289"
"Text mining","ENSP00000302150","PRL","DOID:289","Endometriosis",4.666,2.333,"https://diseases.jensenlab.org/Entity?documents=10&type1=9606&id1=ENSP00000302150&type2=-26&id2=DOID:289"
"Text mining","ENSP00000302564","BCL2L1","DOID:289","Endometriosis",4.023,2.012,"https://diseases.jensenlab.org/Entity?documents=10&type1=9606&id1=ENSP00000302564&type2=-26&id2=DOID:289"
"Text mining","ENSP00000302665","IGF1","DOID:289","Endometriosis",5.043,2.521,"https://diseases.jensenlab.org/Entity?documents=10&type1=9606&id1=ENSP00000302665&type2=-26&id2=DOID:289"
"Text mining","ENSP00000306245","FOS","DOID:289","Endometriosis",4.104,2.052,"https://diseases.jensenlab.org/Entity?documents=10&type1=9606&id1=ENSP00000306245&type2=-26&id2=DOID:289"
"Text mining","ENSP00000306512","CXCL8","DOID:289","Endometriosis",4.97,2.485,"https://diseases.jensenlab.org/Entity?documents=10&type1=9606&id1=ENSP00000306512&type2=-26&id2=DOID:289"
"Text mining","ENSP00000307508","CALB2","DOID:289","Endometriosis",4.504,2.252,"https://diseases.jensenlab.org/Entity?documents=10&type1=9606&id1=ENSP00000307508&type2=-26&id2=DOID:289"
"Text mining","ENSP00000310036","CD34","DOID:289","Endometriosis",4.066,2.033,"https://diseases.jensenlab.org/Entity?documents=10&type1=9606&id1=ENSP00000310036&type2=-26&id2=DOID:289"
"Text mining","ENSP00000311032","CASP3","DOID:289","Endometriosis",4.696,2.348,"https://diseases.jensenlab.org/Entity?documents=10&type1=9606&id1=ENSP00000311032&type2=-26&id2=DOID:289"
"Text mining","ENSP00000312652","LEP","DOID:289","Endometriosis",4.508,2.254,"https://diseases.jensenlab.org/Entity?documents=10&type1=9606&id1=ENSP00000312652&type2=-26&id2=DOID:289"
"Text mining","ENSP00000316416","CSH1","DOID:289","Endometriosis",4.219,2.11,"https://diseases.jensenlab.org/Entity?documents=10&type1=9606&id1=ENSP00000316416&type2=-26&id2=DOID:289"
"Text mining","ENSP00000316578","SUZ12","DOID:289","Endometriosis",4.7,2.35,"https://diseases.jensenlab.org/Entity?documents=10&type1=9606&id1=ENSP00000316578&type2=-26&id2=DOID:289"
"Text mining","ENSP00000320147","EZH2","DOID:289","Endometriosis",4.348,2.174,"https://diseases.jensenlab.org/Entity?documents=10&type1=9606&id1=ENSP00000320147&type2=-26&id2=DOID:289"
"Text mining","ENSP00000320485","ARID1A","DOID:289","Endometriosis",6.053,3.026,"https://diseases.jensenlab.org/Entity?documents=10&type1=9606&id1=ENSP00000320485&type2=-26&id2=DOID:289"
"Text mining","ENSP00000322570","POLE","DOID:289","Endometriosis",6.186,3.093,"https://diseases.jensenlab.org/Entity?documents=10&type1=9606&id1=ENSP00000322570&type2=-26&id2=DOID:289"
"Text mining","ENSP00000324270","OXTR","DOID:288","Endometriosis of uterus",4.342,2.171,"https://diseases.jensenlab.org/Entity?documents=10&type1=9606&id1=ENSP00000324270&type2=-26&id2=DOID:288"
"Text mining","ENSP00000324804","PPP2R1A","DOID:289","Endometriosis",4.965,2.483,"https://diseases.jensenlab.org/Entity?documents=10&type1=9606&id1=ENSP00000324804&type2=-26&id2=DOID:289"
"Text mining","ENSP00000324856","STK11","DOID:289","Endometriosis",4.509,2.254,"https://diseases.jensenlab.org/Entity?documents=10&type1=9606&id1=ENSP00000324856&type2=-26&id2=DOID:289"
"Text mining","ENSP00000325120","PGR","DOID:289","Endometriosis",6.752,3.376,"https://diseases.jensenlab.org/Entity?documents=10&type1=9606&id1=ENSP00000325120&type2=-26&id2=DOID:289"
"Text mining","ENSP00000329243","KRT7","DOID:289","Endometriosis",4.871,2.435,"https://diseases.jensenlab.org/Entity?documents=10&type1=9606&id1=ENSP00000329243&type2=-26&id2=DOID:289"
"Text mining","ENSP00000331327","WT1","DOID:289","Endometriosis",4.842,2.421,"https://diseases.jensenlab.org/Entity?documents=10&type1=9606&id1=ENSP00000331327&type2=-26&id2=DOID:289"
"Text mining","ENSP00000341551","SMAD4","DOID:289","Endometriosis",4.035,2.017,"https://diseases.jensenlab.org/Entity?documents=10&type1=9606&id1=ENSP00000341551&type2=-26&id2=DOID:289"
"Text mining","ENSP00000343925","ESR2","DOID:289","Endometriosis",5.98,2.99,"https://diseases.jensenlab.org/Entity?documents=10&type1=9606&id1=ENSP00000343925&type2=-26&id2=DOID:289"
"Text mining","ENSP00000344456","CTNNB1","DOID:289","Endometriosis",5.806,2.903,"https://diseases.jensenlab.org/Entity?documents=10&type1=9606&id1=ENSP00000344456&type2=-26&id2=DOID:289"
"Text mining","ENSP00000345793","ZC3H7B","DOID:289","Endometriosis",4.535,2.267,"https://diseases.jensenlab.org/Entity?documents=10&type1=9606&id1=ENSP00000345793&type2=-26&id2=DOID:289"
"Text mining","ENSP00000346839","FN1","DOID:289","Endometriosis",4.386,2.193,"https://diseases.jensenlab.org/Entity?documents=10&type1=9606&id1=ENSP00000346839&type2=-26&id2=DOID:289"
"Text mining","ENSP00000348020","MLH3","DOID:289","Endometriosis",4.05,2.025,"https://diseases.jensenlab.org/Entity?documents=10&type1=9606&id1=ENSP00000348020&type2=-26&id2=DOID:289"
"Text mining","ENSP00000349960","ACTB","DOID:289","Endometriosis",4.98,2.49,"https://diseases.jensenlab.org/Entity?documents=10&type1=9606&id1=ENSP00000349960&type2=-26&id2=DOID:289"
"Text mining","ENSP00000352516","DNMT1","DOID:289","Endometriosis",4.177,2.088,"https://diseases.jensenlab.org/Entity?documents=10&type1=9606&id1=ENSP00000352516&type2=-26&id2=DOID:289"
"Text mining","ENSP00000354487","ZEB1","DOID:289","Endometriosis",4.596,2.298,"https://diseases.jensenlab.org/Entity?documents=10&type1=9606&id1=ENSP00000354487&type2=-26&id2=DOID:289"
"Text mining","ENSP00000354558","MTOR","DOID:289","Endometriosis",4.86,2.43,"https://diseases.jensenlab.org/Entity?documents=10&type1=9606&id1=ENSP00000354558&type2=-26&id2=DOID:289"
"Text mining","ENSP00000354826","CALD1","DOID:289","Endometriosis",4.446,2.223,"https://diseases.jensenlab.org/Entity?documents=10&type1=9606&id1=ENSP00000354826&type2=-26&id2=DOID:289"
"Text mining","ENSP00000356438","PTGS2","DOID:289","Endometriosis",4.906,2.453,"https://diseases.jensenlab.org/Entity?documents=10&type1=9606&id1=ENSP00000356438&type2=-26&id2=DOID:289"
"Text mining","ENSP00000356489","EPM2A","DOID:289","Endometriosis",4.439,2.219,"https://diseases.jensenlab.org/Entity?documents=10&type1=9606&id1=ENSP00000356489&type2=-26&id2=DOID:289"
"Text mining","ENSP00000357709","S100A6","DOID:289","Endometriosis",4.311,2.156,"https://diseases.jensenlab.org/Entity?documents=10&type1=9606&id1=ENSP00000357709&type2=-26&id2=DOID:289"
"Text mining","ENSP00000358903","CYP17A1","DOID:289","Endometriosis",4.129,2.065,"https://diseases.jensenlab.org/Entity?documents=10&type1=9606&id1=ENSP00000358903&type2=-26&id2=DOID:289"
"Text mining","ENSP00000358955","KIAA1324","DOID:289","Endometriosis",4.017,2.008,"https://diseases.jensenlab.org/Entity?documents=10&type1=9606&id1=ENSP00000358955&type2=-26&id2=DOID:289"
"Text mining","ENSP00000359077","L1CAM","DOID:289","Endometriosis",4.243,2.122,"https://diseases.jensenlab.org/Entity?documents=10&type1=9606&id1=ENSP00000359077&type2=-26&id2=DOID:289"
"Text mining","ENSP00000359319","PAX2","DOID:289","Endometriosis",4.215,2.107,"https://diseases.jensenlab.org/Entity?documents=10&type1=9606&id1=ENSP00000359319&type2=-26&id2=DOID:289"
"Text mining","ENSP00000360266","JUN","DOID:289","Endometriosis",4.417,2.208,"https://diseases.jensenlab.org/Entity?documents=10&type1=9606&id1=ENSP00000360266&type2=-26&id2=DOID:289"
"Text mining","ENSP00000361021","PTEN","DOID:289","Endometriosis",6.522,3.261,"https://diseases.jensenlab.org/Entity?documents=10&type1=9606&id1=ENSP00000361021&type2=-26&id2=DOID:289"
"Text mining","ENSP00000361066","NCOA3","DOID:289","Endometriosis",4.131,2.065,"https://diseases.jensenlab.org/Entity?documents=10&type1=9606&id1=ENSP00000361066&type2=-26&id2=DOID:289"
"Text mining","ENSP00000361170","MUTYH","DOID:289","Endometriosis",4.236,2.118,"https://diseases.jensenlab.org/Entity?documents=10&type1=9606&id1=ENSP00000361170&type2=-26&id2=DOID:289"
"Text mining","ENSP00000361405","MMP9","DOID:289","Endometriosis",5.063,2.532,"https://diseases.jensenlab.org/Entity?documents=10&type1=9606&id1=ENSP00000361405&type2=-26&id2=DOID:289"
"Text mining","ENSP00000361761","WFDC2","DOID:289","Endometriosis",4.418,2.209,"https://diseases.jensenlab.org/Entity?documents=10&type1=9606&id1=ENSP00000361761&type2=-26&id2=DOID:289"
"Text mining","ENSP00000362166","MEAF6","DOID:289","Endometriosis",4.086,2.043,"https://diseases.jensenlab.org/Entity?documents=10&type1=9606&id1=ENSP00000362166&type2=-26&id2=DOID:289"
"Text mining","ENSP00000362680","SRC","DOID:289","Endometriosis",4.341,2.17,"https://diseases.jensenlab.org/Entity?documents=10&type1=9606&id1=ENSP00000362680&type2=-26&id2=DOID:289"
"Text mining","ENSP00000362690","NR5A1","DOID:289","Endometriosis",4.468,2.234,"https://diseases.jensenlab.org/Entity?documents=10&type1=9606&id1=ENSP00000362690&type2=-26&id2=DOID:289"
"Text mining","ENSP00000363640","PHF1","DOID:289","Endometriosis",4.309,2.155,"https://diseases.jensenlab.org/Entity?documents=10&type1=9606&id1=ENSP00000363640&type2=-26&id2=DOID:289"
"Text mining","ENSP00000363822","AR","DOID:289","Endometriosis",4.538,2.269,"https://diseases.jensenlab.org/Entity?documents=10&type1=9606&id1=ENSP00000363822&type2=-26&id2=DOID:289"
"Text mining","ENSP00000366330","KLF9","DOID:289","Endometriosis",4.061,2.03,"https://diseases.jensenlab.org/Entity?documents=10&type1=9606&id1=ENSP00000366330&type2=-26&id2=DOID:289"
"Text mining","ENSP00000368880","FOXO1","DOID:289","Endometriosis",4.338,2.169,"https://diseases.jensenlab.org/Entity?documents=10&type1=9606&id1=ENSP00000368880&type2=-26&id2=DOID:289"
"Text mining","ENSP00000368959","REEP5","DOID:289","Endometriosis",4.161,2.08,"https://diseases.jensenlab.org/Entity?documents=10&type1=9606&id1=ENSP00000368959&type2=-26&id2=DOID:289"
"Text mining","ENSP00000369050","CYP1A1","DOID:289","Endometriosis",4.184,2.092,"https://diseases.jensenlab.org/Entity?documents=10&type1=9606&id1=ENSP00000369050&type2=-26&id2=DOID:289"
"Text mining","ENSP00000369497","BRCA2","DOID:289","Endometriosis",5.28,2.64,"https://diseases.jensenlab.org/Entity?documents=10&type1=9606&id1=ENSP00000369497&type2=-26&id2=DOID:289"
"Text mining","ENSP00000369816","SHBG","DOID:289","Endometriosis",4.914,2.457,"https://diseases.jensenlab.org/Entity?documents=10&type1=9606&id1=ENSP00000369816&type2=-26&id2=DOID:289"
"Text mining","ENSP00000370408","CDX2","DOID:289","Endometriosis",4.039,2.019,"https://diseases.jensenlab.org/Entity?documents=10&type1=9606&id1=ENSP00000370408&type2=-26&id2=DOID:289"
"Text mining","ENSP00000370896","GREB1","DOID:289","Endometriosis",4.149,2.074,"https://diseases.jensenlab.org/Entity?documents=10&type1=9606&id1=ENSP00000370896&type2=-26&id2=DOID:289"
"Text mining","ENSP00000370989","CD274","DOID:289","Endometriosis",4.539,2.27,"https://diseases.jensenlab.org/Entity?documents=10&type1=9606&id1=ENSP00000370989&type2=-26&id2=DOID:289"
"Text mining","ENSP00000371126","NUTM2A","DOID:289","Endometriosis",4.671,2.335,"https://diseases.jensenlab.org/Entity?documents=10&type1=9606&id1=ENSP00000371126&type2=-26&id2=DOID:289"
"Text mining","ENSP00000372023","CHEK2","DOID:289","Endometriosis",4.041,2.021,"https://diseases.jensenlab.org/Entity?documents=10&type1=9606&id1=ENSP00000372023&type2=-26&id2=DOID:289"
"Text mining","ENSP00000375892","AKT2","DOID:289","Endometriosis",4.073,2.036,"https://diseases.jensenlab.org/Entity?documents=10&type1=9606&id1=ENSP00000375892&type2=-26&id2=DOID:289"
"Text mining","ENSP00000376623","CSH2","DOID:289","Endometriosis",4.258,2.129,"https://diseases.jensenlab.org/Entity?documents=10&type1=9606&id1=ENSP00000376623&type2=-26&id2=DOID:289"
"Text mining","ENSP00000379138","AFP","DOID:289","Endometriosis",4.053,2.026,"https://diseases.jensenlab.org/Entity?documents=10&type1=9606&id1=ENSP00000379138&type2=-26&id2=DOID:289"
"Text mining","ENSP00000379683","CYP19A1","DOID:289","Endometriosis",6.171,3.085,"https://diseases.jensenlab.org/Entity?documents=10&type1=9606&id1=ENSP00000379683&type2=-26&id2=DOID:289"
"Text mining","ENSP00000380034","SNAI2","DOID:289","Endometriosis",4.345,2.172,"https://diseases.jensenlab.org/Entity?documents=10&type1=9606&id1=ENSP00000380034&type2=-26&id2=DOID:289"
"Text mining","ENSP00000380281","GPER1","DOID:289","Endometriosis",4.808,2.404,"https://diseases.jensenlab.org/Entity?documents=10&type1=9606&id1=ENSP00000380281&type2=-26&id2=DOID:289"
"Text mining","ENSP00000380432","INS","DOID:289","Endometriosis",4.873,2.436,"https://diseases.jensenlab.org/Entity?documents=10&type1=9606&id1=ENSP00000380432&type2=-26&id2=DOID:289"
"Text mining","ENSP00000381008","MUC16","DOID:289","Endometriosis",4.27,2.135,"https://diseases.jensenlab.org/Entity?documents=10&type1=9606&id1=ENSP00000381008&type2=-26&id2=DOID:289"
"Text mining","ENSP00000381185","BCL2","DOID:289","Endometriosis",5.245,2.622,"https://diseases.jensenlab.org/Entity?documents=10&type1=9606&id1=ENSP00000381185&type2=-26&id2=DOID:289"
"Text mining","ENSP00000384849","CDKN1A","DOID:289","Endometriosis",4.095,2.048,"https://diseases.jensenlab.org/Entity?documents=10&type1=9606&id1=ENSP00000384849&type2=-26&id2=DOID:289"
"Text mining","ENSP00000385675","IL6","DOID:289","Endometriosis",5.171,2.585,"https://diseases.jensenlab.org/Entity?documents=10&type1=9606&id1=ENSP00000385675&type2=-26&id2=DOID:289"
"Text mining","ENSP00000386559","CD8A","DOID:289","Endometriosis",4.334,2.167,"https://diseases.jensenlab.org/Entity?documents=10&type1=9606&id1=ENSP00000386559&type2=-26&id2=DOID:289"
"Text mining","ENSP00000389814","ADIPOQ","DOID:289","Endometriosis",4.162,2.081,"https://diseases.jensenlab.org/Entity?documents=10&type1=9606&id1=ENSP00000389814&type2=-26&id2=DOID:289"
"Text mining","ENSP00000391826","IGF2","DOID:289","Endometriosis",4.473,2.236,"https://diseases.jensenlab.org/Entity?documents=10&type1=9606&id1=ENSP00000391826&type2=-26&id2=DOID:289"
"Text mining","ENSP00000393312","FGFR1","DOID:289","Endometriosis",4.098,2.049,"https://diseases.jensenlab.org/Entity?documents=10&type1=9606&id1=ENSP00000393312&type2=-26&id2=DOID:289"
"Text mining","ENSP00000395654","SMARCA4","DOID:289","Endometriosis",4.227,2.113,"https://diseases.jensenlab.org/Entity?documents=10&type1=9606&id1=ENSP00000395654&type2=-26&id2=DOID:289"
"Text mining","ENSP00000398632","CD44","DOID:289","Endometriosis",4.445,2.223,"https://diseases.jensenlab.org/Entity?documents=10&type1=9606&id1=ENSP00000398632&type2=-26&id2=DOID:289"
"Text mining","ENSP00000398698","TNF","DOID:289","Endometriosis",4.99,2.495,"https://diseases.jensenlab.org/Entity?documents=10&type1=9606&id1=ENSP00000398698&type2=-26&id2=DOID:289"
"Text mining","ENSP00000405330","ESR1","DOID:289","Endometriosis",6.926,3.463,"https://diseases.jensenlab.org/Entity?documents=10&type1=9606&id1=ENSP00000405330&type2=-26&id2=DOID:289"
"Text mining","ENSP00000406046","POLD1","DOID:289","Endometriosis",4.586,2.293,"https://diseases.jensenlab.org/Entity?documents=10&type1=9606&id1=ENSP00000406046&type2=-26&id2=DOID:289"
"Text mining","ENSP00000406490","PMS1","DOID:289","Endometriosis",4.367,2.183,"https://diseases.jensenlab.org/Entity?documents=10&type1=9606&id1=ENSP00000406490&type2=-26&id2=DOID:289"
"Text mining","ENSP00000407586","HRAS","DOID:289","Endometriosis",5.675,2.838,"https://diseases.jensenlab.org/Entity?documents=10&type1=9606&id1=ENSP00000407586&type2=-26&id2=DOID:289"
"Text mining","ENSP00000410294","FGFR2","DOID:289","Endometriosis",4.798,2.399,"https://diseases.jensenlab.org/Entity?documents=10&type1=9606&id1=ENSP00000410294&type2=-26&id2=DOID:289"
"Text mining","ENSP00000412237","IL10","DOID:289","Endometriosis",4.252,2.126,"https://diseases.jensenlab.org/Entity?documents=10&type1=9606&id1=ENSP00000412237&type2=-26&id2=DOID:289"
"Text mining","ENSP00000413720","CDKN1C","DOID:289","Endometriosis",4.21,2.105,"https://diseases.jensenlab.org/Entity?documents=10&type1=9606&id1=ENSP00000413720&type2=-26&id2=DOID:289"
"Text mining","ENSP00000417898","PAEP","DOID:289","Endometriosis",4.831,2.416,"https://diseases.jensenlab.org/Entity?documents=10&type1=9606&id1=ENSP00000417898&type2=-26&id2=DOID:289"
"Text mining","ENSP00000418525","MME","DOID:289","Endometriosis",5.273,2.637,"https://diseases.jensenlab.org/Entity?documents=10&type1=9606&id1=ENSP00000418525&type2=-26&id2=DOID:289"
"Text mining","ENSP00000418915","CDKN2A","DOID:289","Endometriosis",5.262,2.631,"https://diseases.jensenlab.org/Entity?documents=10&type1=9606&id1=ENSP00000418915&type2=-26&id2=DOID:289"
"Text mining","ENSP00000418960","BRCA1","DOID:289","Endometriosis",5.578,2.789,"https://diseases.jensenlab.org/Entity?documents=10&type1=9606&id1=ENSP00000418960&type2=-26&id2=DOID:289"
"Text mining","ENSP00000428056","PIK3R1","DOID:289","Endometriosis",4.841,2.421,"https://diseases.jensenlab.org/Entity?documents=10&type1=9606&id1=ENSP00000428056&type2=-26&id2=DOID:289"
"Text mining","ENSP00000431418","NTRK1","DOID:289","Endometriosis",4.016,2.008,"https://diseases.jensenlab.org/Entity?documents=10&type1=9606&id1=ENSP00000431418&type2=-26&id2=DOID:289"
"Text mining","ENSP00000437256","DICER1","DOID:289","Endometriosis",4.065,2.033,"https://diseases.jensenlab.org/Entity?documents=10&type1=9606&id1=ENSP00000437256&type2=-26&id2=DOID:289"
"Text mining","ENSP00000437955","HIF1A","DOID:289","Endometriosis",4.778,2.389,"https://diseases.jensenlab.org/Entity?documents=10&type1=9606&id1=ENSP00000437955&type2=-26&id2=DOID:289"
"Text mining","ENSP00000451828","AKT1","DOID:289","Endometriosis",5.88,2.94,"https://diseases.jensenlab.org/Entity?documents=10&type1=9606&id1=ENSP00000451828&type2=-26&id2=DOID:289"
"Text mining","ENSP00000457421","PECAM1","DOID:289","Endometriosis",4.136,2.068,"https://diseases.jensenlab.org/Entity?documents=10&type1=9606&id1=ENSP00000457421&type2=-26&id2=DOID:289"
"Text mining","ENSP00000466799","HSD17B1","DOID:289","Endometriosis",4.979,2.489,"https://diseases.jensenlab.org/Entity?documents=10&type1=9606&id1=ENSP00000466799&type2=-26&id2=DOID:289"
"Text mining","ENSP00000474412","CCL5","DOID:289","Endometriosis",4.061,2.03,"https://diseases.jensenlab.org/Entity?documents=10&type1=9606&id1=ENSP00000474412&type2=-26&id2=DOID:289"
"Text mining","ENSP00000478561","CYP1B1","DOID:289","Endometriosis",4.256,2.128,"https://diseases.jensenlab.org/Entity?documents=10&type1=9606&id1=ENSP00000478561&type2=-26&id2=DOID:289"
"Text mining","ENSP00000478570","VEGFA","DOID:289","Endometriosis",5.712,2.856,"https://diseases.jensenlab.org/Entity?documents=10&type1=9606&id1=ENSP00000478570&type2=-26&id2=DOID:289"
"Text mining","ENSP00000479618","MYC","DOID:289","Endometriosis",5.136,2.568,"https://diseases.jensenlab.org/Entity?documents=10&type1=9606&id1=ENSP00000479618&type2=-26&id2=DOID:289"
"Text mining","ENSP00000480291","HNF1B","DOID:289","Endometriosis",4.54,2.27,"https://diseases.jensenlab.org/Entity?documents=10&type1=9606&id1=ENSP00000480291&type2=-26&id2=DOID:289"
"Text mining","ENSP00000482704","DHRS11","DOID:289","Endometriosis",4.32,2.16,"https://diseases.jensenlab.org/Entity?documents=10&type1=9606&id1=ENSP00000482704&type2=-26&id2=DOID:289"
"Text mining","ENSP00000484824","MUC1","DOID:289","Endometriosis",4.388,2.194,"https://diseases.jensenlab.org/Entity?documents=10&type1=9606&id1=ENSP00000484824&type2=-26&id2=DOID:289"
"Text mining","RP11-96D1.10","RP11-96D1.10","DOID:11432","Endometriosis of ovary",4.163,2.081,"https://diseases.jensenlab.org/Entity?documents=10&type1=9606&id1=RP11-96D1.10&type2=-26&id2=DOID:11432"
"Text mining","TTTY21","TTTY21","DOID:11432","Endometriosis of ovary",4.087,2.044,"https://diseases.jensenlab.org/Entity?documents=10&type1=9606&id1=TTTY21&type2=-26&id2=DOID:11432"
"Text mining","TTTY22","TTTY22","DOID:11432","Endometriosis of ovary",4.375,2.188,"https://diseases.jensenlab.org/Entity?documents=10&type1=9606&id1=TTTY22&type2=-26&id2=DOID:11432"
"Text mining","TTTY23","TTTY23","DOID:11432","Endometriosis of ovary",4.154,2.077,"https://diseases.jensenlab.org/Entity?documents=10&type1=9606&id1=TTTY23&type2=-26&id2=DOID:11432"
"Text mining","TTTY4C","TTTY4C","DOID:11432","Endometriosis of ovary",4.472,2.236,"https://diseases.jensenlab.org/Entity?documents=10&type1=9606&id1=TTTY4C&type2=-26&id2=DOID:11432"
"Text mining","UBOX5-AS1","UBOX5-AS1","DOID:11432","Endometriosis of ovary",4.304,2.152,"https://diseases.jensenlab.org/Entity?documents=10&type1=9606&id1=UBOX5-AS1&type2=-26&id2=DOID:11432"
"Text mining","hsa-miR-141-3p","hsa-miR-141-3p","DOID:289","Endometriosis",4.129,2.065,"https://diseases.jensenlab.org/Entity?documents=10&type1=9606&id1=hsa-miR-141-3p&type2=-26&id2=DOID:289"
"Text mining","hsa-miR-200a-3p","hsa-miR-200a-3p","DOID:289","Endometriosis",4.227,2.113,"https://diseases.jensenlab.org/Entity?documents=10&type1=9606&id1=hsa-miR-200a-3p&type2=-26&id2=DOID:289"
"Text mining","hsa-miR-200b-3p","hsa-miR-200b-3p","DOID:289","Endometriosis",4.256,2.128,"https://diseases.jensenlab.org/Entity?documents=10&type1=9606&id1=hsa-miR-200b-3p&type2=-26&id2=DOID:289"
"Text mining","hsa-miR-200c-3p","hsa-miR-200c-3p","DOID:289","Endometriosis",4.371,2.185,"https://diseases.jensenlab.org/Entity?documents=10&type1=9606&id1=hsa-miR-200c-3p&type2=-26&id2=DOID:289"
"Text mining","hsa-miR-205-5p","hsa-miR-205-5p","DOID:289","Endometriosis",4.249,2.125,"https://diseases.jensenlab.org/Entity?documents=10&type1=9606&id1=hsa-miR-205-5p&type2=-26&id2=DOID:289"
"Text mining","hsa-miR-21-5p","hsa-miR-21-5p","DOID:289","Endometriosis",4.176,2.088,"https://diseases.jensenlab.org/Entity?documents=10&type1=9606&id1=hsa-miR-21-5p&type2=-26&id2=DOID:289"
